mo,fullname,genus,species,kingdom,phylum,class,fullname
B_MYCBC_CNCP,Mycobacterium conceptionense,Mycobacterium,conceptionense,Bacteria,Actinomycetota,Actinomycetes,Mycobacterium conceptionense
F_ASPRG_SPRL,Aspergillus spiralis,Aspergillus,spiralis,Fungi,Ascomycota,Eurotiomycetes,Aspergillus spiralis
F_ASPRG_SPNL,Aspergillus spinulosporus,Aspergillus,spinulosporus,Fungi,Ascomycota,Eurotiomycetes,Aspergillus spinulosporus
F_ASPRG_SPNS,Aspergillus spinosus,Aspergillus,spinosus,Fungi,Ascomycota,Eurotiomycetes,Aspergillus spinosus
F_ASPRG_SPCL,Aspergillus spiculosus,Aspergillus,spiculosus,Fungi,Ascomycota,Eurotiomycetes,Aspergillus spiculosus
F_ASPRG_SPLN,Aspergillus spelunceus,Aspergillus,spelunceus,Fungi,Ascomycota,Eurotiomycetes,Aspergillus spelunceus
F_ASPRG_SPLS,Aspergillus spelaeus,Aspergillus,spelaeus,Fungi,Ascomycota,Eurotiomycetes,Aspergillus spelaeus
F_ASPRG_STLM,Aspergillus stella-maris,Aspergillus,stella-maris,Fungi,Ascomycota,Eurotiomycetes,Aspergillus stella-maris
F_ASPRG_SPCT,Aspergillus spectabilis,Aspergillus,spectabilis,Fungi,Ascomycota,Eurotiomycetes,Aspergillus spectabilis
F_ASPRG_SPRS,Aspergillus sparsus,Aspergillus,sparsus,Fungi,Ascomycota,Eurotiomycetes,Aspergillus sparsus
F_ASPRG_SOJA_SOJA,Aspergillus sojae sojae,Aspergillus,sojae,Fungi,Ascomycota,Eurotiomycetes,Aspergillus sojae sojae
F_ASPRG_SOJA,Aspergillus sojae,Aspergillus,sojae,Fungi,Ascomycota,Eurotiomycetes,Aspergillus sojae
F_ASPRG_SLON,Aspergillus sloanii,Aspergillus,sloanii,Fungi,Ascomycota,Eurotiomycetes,Aspergillus sloanii
F_ASPRG_SMPL,Aspergillus simplex,Aspergillus,simplex,Fungi,Ascomycota,Eurotiomycetes,Aspergillus simplex
F_ASPRG_SMLN,Aspergillus similanensis,Aspergillus,similanensis,Fungi,Ascomycota,Eurotiomycetes,Aspergillus similanensis
F_ASPRG_SPTH,Aspergillus spathulatus,Aspergillus,spathulatus,Fungi,Ascomycota,Eurotiomycetes,Aspergillus spathulatus
F_ASPRG_SLVT,Aspergillus silvaticus,Aspergillus,silvaticus,Fungi,Ascomycota,Eurotiomycetes,Aspergillus silvaticus
F_ASPRG_STLL,Aspergillus stellatus,Aspergillus,stellatus,Fungi,Ascomycota,Eurotiomycetes,Aspergillus stellatus
F_ASPRG_STLLF,Aspergillus stelliformis,Aspergillus,stelliformis,Fungi,Ascomycota,Eurotiomycetes,Aspergillus stelliformis
F_ASPRG_LVCS,Aspergillus subolivaceus,Aspergillus,subolivaceus,Fungi,Ascomycota,Eurotiomycetes,Aspergillus subolivaceus
F_ASPRG_SBCH,Aspergillus subochraceus,Aspergillus,subochraceus,Fungi,Ascomycota,Eurotiomycetes,Aspergillus subochraceus
F_ASPRG_SBNT,Aspergillus subnutans,Aspergillus,subnutans,Fungi,Ascomycota,Eurotiomycetes,Aspergillus subnutans
F_ASPRG_SBLV,Aspergillus sublevisporus,Aspergillus,sublevisporus,Fungi,Ascomycota,Eurotiomycetes,Aspergillus sublevisporus
F_ASPRG_SBNF,Aspergillus subinflatus,Aspergillus,subinflatus,Fungi,Ascomycota,Eurotiomycetes,Aspergillus subinflatus
F_ASPRG_SBGR,Aspergillus subgriseus,Aspergillus,subgriseus,Fungi,Ascomycota,Eurotiomycetes,Aspergillus subgriseus
F_ASPRG_LLFR,Aspergillus stellifer,Aspergillus,stellifer,Fungi,Ascomycota,Eurotiomycetes,Aspergillus stellifer
F_ASPRG_SBFL,Aspergillus subflavus,Aspergillus,subflavus,Fungi,Ascomycota,Eurotiomycetes,Aspergillus subflavus
F_ASPRG_MTDS,Aspergillus stromatoides,Aspergillus,stromatoides,Fungi,Ascomycota,Eurotiomycetes,Aspergillus stromatoides
F_ASPRG_TRTS,Aspergillus striatus,Aspergillus,striatus,Fungi,Ascomycota,Eurotiomycetes,Aspergillus striatus
F_ASPRG_STYN,Aspergillus steynii,Aspergillus,steynii,Fungi,Ascomycota,Eurotiomycetes,Aspergillus steynii
F_ASPRG_STRG,Aspergillus sterigmatophorus,Aspergillus,sterigmatophorus,Fungi,Ascomycota,Eurotiomycetes,Aspergillus sterigmatophorus
F_ASPRG_RCRS,Aspergillus stercoreus,Aspergillus,stercoreus,Fungi,Ascomycota,Eurotiomycetes,Aspergillus stercoreus
F_ASPRG_STRC,Aspergillus stercorarius,Aspergillus,stercorarius,Fungi,Ascomycota,Eurotiomycetes,Aspergillus stercorarius
F_ASPRG_SBLB,Aspergillus subalbidus,Aspergillus,subalbidus,Fungi,Ascomycota,Eurotiomycetes,Aspergillus subalbidus
F_ASPRG_SBQR,Aspergillus subquercinus,Aspergillus,subquercinus,Fungi,Ascomycota,Eurotiomycetes,Aspergillus subquercinus
F_ASPRG_SGRR,Aspergillus sigurros,Aspergillus,sigurros,Fungi,Ascomycota,Eurotiomycetes,Aspergillus sigurros
F_ASPRG_SCHN,Aspergillus sichuanensis,Aspergillus,sichuanensis,Fungi,Ascomycota,Eurotiomycetes,Aspergillus sichuanensis
F_ASPRG_SLSB,Aspergillus salisburgensis,Aspergillus,salisburgensis,Fungi,Ascomycota,Eurotiomycetes,Aspergillus salisburgensis
F_ASPRG_SLNC,Aspergillus salinicola,Aspergillus,salinicola,Fungi,Ascomycota,Eurotiomycetes,Aspergillus salinicola
F_ASPRG_SLNRM,Aspergillus salinarum,Aspergillus,salinarum,Fungi,Ascomycota,Eurotiomycetes,Aspergillus salinarum
F_ASPRG_SCCH,Aspergillus saccharolyticus,Aspergillus,saccharolyticus,Fungi,Ascomycota,Eurotiomycetes,Aspergillus saccharolyticus
F_ASPRG_RCLA,Aspergillus saccharicola,Aspergillus,saccharicola,Fungi,Ascomycota,Eurotiomycetes,Aspergillus saccharicola
F_ASPRG_SCCHR,Aspergillus sacchari,Aspergillus,sacchari,Fungi,Ascomycota,Eurotiomycetes,Aspergillus sacchari
F_ASPRG_SLVC,Aspergillus salviicola,Aspergillus,salviicola,Fungi,Ascomycota,Eurotiomycetes,Aspergillus salviicola
F_ASPRG_RTLN,Aspergillus rutilans,Aspergillus,rutilans,Fungi,Ascomycota,Eurotiomycetes,Aspergillus rutilans
F_ASPRG_RFSC,Aspergillus rufescens,Aspergillus,rufescens,Fungi,Ascomycota,Eurotiomycetes,Aspergillus rufescens
F_ASPRG_RBRB,Aspergillus rubrobrunneus,Aspergillus,rubrobrunneus,Fungi,Ascomycota,Eurotiomycetes,Aspergillus rubrobrunneus
F_ASPRG_RNNSS,Aspergillus rouenensis,Aspergillus,rouenensis,Fungi,Ascomycota,Eurotiomycetes,Aspergillus rouenensis
F_ASPRG_RSVL,Aspergillus roseovelutinus,Aspergillus,roseovelutinus,Fungi,Ascomycota,Eurotiomycetes,Aspergillus roseovelutinus
F_ASPRG_RSGL,Aspergillus roseoglobulosus,Aspergillus,roseoglobulosus,Fungi,Ascomycota,Eurotiomycetes,Aspergillus roseoglobulosus
F_ASPRG_RBST,Aspergillus robustus,Aspergillus,robustus,Fungi,Ascomycota,Eurotiomycetes,Aspergillus robustus
F_ASPRG_RGLS,Aspergillus rugulosus,Aspergillus,rugulosus,Fungi,Ascomycota,Eurotiomycetes,Aspergillus rugulosus
F_ASPRG_SGRL,Aspergillus sigarelli,Aspergillus,sigarelli,Fungi,Ascomycota,Eurotiomycetes,Aspergillus sigarelli
F_ASPRG_SLWN,Aspergillus salwaensis,Aspergillus,salwaensis,Fungi,Ascomycota,Eurotiomycetes,Aspergillus salwaensis
F_ASPRG_SRTR,Aspergillus sartoryi,Aspergillus,sartoryi,Fungi,Ascomycota,Eurotiomycetes,Aspergillus sartoryi
F_ASPRG_SBRC,Aspergillus sibiricus,Aspergillus,sibiricus,Fungi,Ascomycota,Eurotiomycetes,Aspergillus sibiricus
F_ASPRG_SMNS,Aspergillus siamensis,Aspergillus,siamensis,Fungi,Ascomycota,Eurotiomycetes,Aspergillus siamensis
F_ASPRG_SSMC,Aspergillus sesamicola,Aspergillus,sesamicola,Fungi,Ascomycota,Eurotiomycetes,Aspergillus sesamicola
F_ASPRG_SRRT,Aspergillus serratalhadensis,Aspergillus,serratalhadensis,Fungi,Ascomycota,Eurotiomycetes,Aspergillus serratalhadensis
F_ASPRG_SERG,Aspergillus sergii,Aspergillus,sergii,Fungi,Ascomycota,Eurotiomycetes,Aspergillus sergii
F_ASPRG_SPLT,Aspergillus sepultus,Aspergillus,sepultus,Fungi,Ascomycota,Eurotiomycetes,Aspergillus sepultus
F_ASPRG_SMRN,Aspergillus samariensis,Aspergillus,samariensis,Fungi,Ascomycota,Eurotiomycetes,Aspergillus samariensis
F_ASPRG_SFRT,Aspergillus seifertii,Aspergillus,seifertii,Fungi,Ascomycota,Eurotiomycetes,Aspergillus seifertii
F_ASPRG_TNGR,Aspergillus sclerotioniger,Aspergillus,sclerotioniger,Fungi,Ascomycota,Eurotiomycetes,Aspergillus sclerotioniger
F_ASPRG_BNRS,Aspergillus sclerotiicarbonarius,Aspergillus,sclerotiicarbonarius,Fungi,Ascomycota,Eurotiomycetes,Aspergillus sclerotiicarbonarius
F_ASPRG_RTLS,Aspergillus sclerotialis,Aspergillus,sclerotialis,Fungi,Ascomycota,Eurotiomycetes,Aspergillus sclerotialis
F_ASPRG_SCLR,Aspergillus sclerogenus,Aspergillus,sclerogenus,Fungi,Ascomycota,Eurotiomycetes,Aspergillus sclerogenus
F_ASPRG_SCRT,Aspergillus scarthjohnsoniae,Aspergillus,scarthjohnsoniae,Fungi,Ascomycota,Eurotiomycetes,Aspergillus scarthjohnsoniae
F_ASPRG_SVNN,Aspergillus savannensis,Aspergillus,savannensis,Fungi,Ascomycota,Eurotiomycetes,Aspergillus savannensis
F_ASPRG_SCLRT,Aspergillus sclerotiorum,Aspergillus,sclerotiorum,Fungi,Ascomycota,Eurotiomycetes,Aspergillus sclerotiorum
F_ASPRG_RHZP,Aspergillus rhizopodus,Aspergillus,rhizopodus,Fungi,Ascomycota,Eurotiomycetes,Aspergillus rhizopodus
F_ASPRG_SBRM,Aspergillus subramanianii,Aspergillus,subramanianii,Fungi,Ascomycota,Eurotiomycetes,Aspergillus subramanianii
F_ASPRG_SBNG,Aspergillus subunguis,Aspergillus,subunguis,Fungi,Ascomycota,Eurotiomycetes,Aspergillus subunguis
F_ASPRG_TRCS,Aspergillus turcosus,Aspergillus,turcosus,Fungi,Ascomycota,Eurotiomycetes,Aspergillus turcosus
F_ASPRG_TMDS,Aspergillus tumidus,Aspergillus,tumidus,Fungi,Ascomycota,Eurotiomycetes,Aspergillus tumidus
F_ASPRG_TBNG,Aspergillus tubingensis,Aspergillus,tubingensis,Fungi,Ascomycota,Eurotiomycetes,Aspergillus tubingensis
F_ASPRG_TBRC,Aspergillus tuberculatus,Aspergillus,tuberculatus,Fungi,Ascomycota,Eurotiomycetes,Aspergillus tuberculatus
F_ASPRG_TSRT,Aspergillus tsurutae,Aspergillus,tsurutae,Fungi,Ascomycota,Eurotiomycetes,Aspergillus tsurutae
F_ASPRG_TRTC,Aspergillus tritici,Aspergillus,tritici,Fungi,Ascomycota,Eurotiomycetes,Aspergillus tritici
F_ASPRG_TRKN,Aspergillus turkensis,Aspergillus,turkensis,Fungi,Ascomycota,Eurotiomycetes,Aspergillus turkensis
F_ASPRG_TRSP,Aspergillus trisporus,Aspergillus,trisporus,Fungi,Ascomycota,Eurotiomycetes,Aspergillus trisporus
F_ASPRG_NNSS,Aspergillus transmontanensis,Aspergillus,transmontanensis,Fungi,Ascomycota,Eurotiomycetes,Aspergillus transmontanensis
F_ASPRG_TRNS,Aspergillus transcarpathicus,Aspergillus,transcarpathicus,Fungi,Ascomycota,Eurotiomycetes,Aspergillus transcarpathicus
F_ASPRG_TXCS,Aspergillus toxicus,Aspergillus,toxicus,Fungi,Ascomycota,Eurotiomycetes,Aspergillus toxicus
F_ASPRG_TXCR,Aspergillus toxicarius,Aspergillus,toxicarius,Fungi,Ascomycota,Eurotiomycetes,Aspergillus toxicarius
F_ASPRG_TNPH,Aspergillus tonophilus,Aspergillus,tonophilus,Fungi,Ascomycota,Eurotiomycetes,Aspergillus tonophilus
F_ASPRG_TGNS,Aspergillus togoensis,Aspergillus,togoensis,Fungi,Ascomycota,Eurotiomycetes,Aspergillus togoensis
F_ASPRG_TRND,Aspergillus trinidadensis,Aspergillus,trinidadensis,Fungi,Ascomycota,Eurotiomycetes,Aspergillus trinidadensis
F_ASPRG_TRBS,Aspergillus tiraboschii,Aspergillus,tiraboschii,Fungi,Ascomycota,Eurotiomycetes,Aspergillus tiraboschii
F_ASPRG_UDGW,Aspergillus udagawae,Aspergillus,udagawae,Fungi,Ascomycota,Eurotiomycetes,Aspergillus udagawae
F_ASPRG_UNDL,Aspergillus undulatus,Aspergillus,undulatus,Fungi,Ascomycota,Eurotiomycetes,Aspergillus undulatus
F_ASPRG_VRSC,Aspergillus versicolor,Aspergillus,versicolor,Fungi,Ascomycota,Eurotiomycetes,Aspergillus versicolor
F_ASPRG_VRRC,Aspergillus verrucosus,Aspergillus,verrucosus,Fungi,Ascomycota,Eurotiomycetes,Aspergillus verrucosus
F_ASPRG_VNZL,Aspergillus venezuelensis,Aspergillus,venezuelensis,Fungi,Ascomycota,Eurotiomycetes,Aspergillus venezuelensis
F_ASPRG_VRGT,Aspergillus variegatus,Aspergillus,variegatus,Fungi,Ascomycota,Eurotiomycetes,Aspergillus variegatus
F_ASPRG_VARNS,Aspergillus varians,Aspergillus,varians,Fungi,Ascomycota,Eurotiomycetes,Aspergillus varians
F_ASPRG_VRBL,Aspergillus variabilis,Aspergillus,variabilis,Fungi,Ascomycota,Eurotiomycetes,Aspergillus variabilis
F_ASPRG_UMBRN,Aspergillus umbrinus,Aspergillus,umbrinus,Fungi,Ascomycota,Eurotiomycetes,Aspergillus umbrinus
F_ASPRG_VNDR,Aspergillus vandermerwei,Aspergillus,vandermerwei,Fungi,Ascomycota,Eurotiomycetes,Aspergillus vandermerwei
F_ASPRG_UVRM,Aspergillus uvarum,Aspergillus,uvarum,Fungi,Ascomycota,Eurotiomycetes,Aspergillus uvarum
F_ASPRG_USTS,Aspergillus ustus,Aspergillus,ustus,Fungi,Ascomycota,Eurotiomycetes,Aspergillus ustus
F_ASPRG_USTL,Aspergillus ustilago,Aspergillus,ustilago,Fungi,Ascomycota,Eurotiomycetes,Aspergillus ustilago
F_ASPRG_URMN,Aspergillus urmiensis,Aspergillus,urmiensis,Fungi,Ascomycota,Eurotiomycetes,Aspergillus urmiensis
F_ASPRG_UNLT,Aspergillus unilateralis,Aspergillus,unilateralis,Fungi,Ascomycota,Eurotiomycetes,Aspergillus unilateralis
F_ASPRG_UNGS,Aspergillus unguis,Aspergillus,unguis,Fungi,Ascomycota,Eurotiomycetes,Aspergillus unguis
F_ASPRG_VDNS,Aspergillus vadensis,Aspergillus,vadensis,Fungi,Ascomycota,Eurotiomycetes,Aspergillus vadensis
F_ASPRG_SBSS,Aspergillus subsessilis,Aspergillus,subsessilis,Fungi,Ascomycota,Eurotiomycetes,Aspergillus subsessilis
F_ASPRG_TBTN,Aspergillus tibetensis,Aspergillus,tibetensis,Fungi,Ascomycota,Eurotiomycetes,Aspergillus tibetensis
F_ASPRG_THSR,Aspergillus thesauricus,Aspergillus,thesauricus,Fungi,Ascomycota,Eurotiomycetes,Aspergillus thesauricus
F_ASPRG_TMRN,Aspergillus tamarindosoli,Aspergillus,tamarindosoli,Fungi,Ascomycota,Eurotiomycetes,Aspergillus tamarindosoli
F_ASPRG_TAMR,Aspergillus tamarii,Aspergillus,tamarii,Fungi,Ascomycota,Eurotiomycetes,Aspergillus tamarii
F_ASPRG_TKLM,Aspergillus taklimakanensis,Aspergillus,taklimakanensis,Fungi,Ascomycota,Eurotiomycetes,Aspergillus taklimakanensis
F_ASPRG_TAKK,Aspergillus takakii,Aspergillus,takakii,Fungi,Ascomycota,Eurotiomycetes,Aspergillus takakii
F_ASPRG_TAKD,Aspergillus takadae,Aspergillus,takadae,Fungi,Ascomycota,Eurotiomycetes,Aspergillus takadae
F_ASPRG_TCHN,Aspergillus taichungensis,Aspergillus,taichungensis,Fungi,Ascomycota,Eurotiomycetes,Aspergillus taichungensis
F_ASPRG_TNNR,Aspergillus tanneri,Aspergillus,tanneri,Fungi,Ascomycota,Eurotiomycetes,Aspergillus tanneri
F_ASPRG_SYNC,Aspergillus syncephalis,Aspergillus,syncephalis,Fungi,Ascomycota,Eurotiomycetes,Aspergillus syncephalis
F_ASPRG_SYDW_AGRA,Aspergillus sydowii agrae,Aspergillus,sydowii,Fungi,Ascomycota,Eurotiomycetes,Aspergillus sydowii agrae
F_ASPRG_SYDW,Aspergillus sydowii,Aspergillus,sydowii,Fungi,Ascomycota,Eurotiomycetes,Aspergillus sydowii
F_ASPRG_STTN,Aspergillus suttoniae,Aspergillus,suttoniae,Fungi,Ascomycota,Eurotiomycetes,Aspergillus suttoniae
F_ASPRG_LPHRS,Aspergillus sulphureus,Aspergillus,sulphureus,Fungi,Ascomycota,Eurotiomycetes,Aspergillus sulphureus
F_ASPRG_SLPH,Aspergillus sulphureoviridis,Aspergillus,sulphureoviridis,Fungi,Ascomycota,Eurotiomycetes,Aspergillus sulphureoviridis
F_ASPRG_SBVR,Aspergillus subversicolor,Aspergillus,subversicolor,Fungi,Ascomycota,Eurotiomycetes,Aspergillus subversicolor
F_ASPRG_SYDW_MAJR,Aspergillus sydowii major,Aspergillus,sydowii,Fungi,Ascomycota,Eurotiomycetes,Aspergillus sydowii major
F_ASPRG_THOM,Aspergillus thomii,Aspergillus,thomii,Fungi,Ascomycota,Eurotiomycetes,Aspergillus thomii
F_ASPRG_TPRR,Aspergillus tapirirae,Aspergillus,tapirirae,Fungi,Ascomycota,Eurotiomycetes,Aspergillus tapirirae
F_ASPRG_TRDS,Aspergillus tardus,Aspergillus,tardus,Fungi,Ascomycota,Eurotiomycetes,Aspergillus tardus
F_ASPRG_THRM,Aspergillus thermomutatus,Aspergillus,thermomutatus,Fungi,Ascomycota,Eurotiomycetes,Aspergillus thermomutatus
F_ASPRG_THLN,Aspergillus thailandensis,Aspergillus,thailandensis,Fungi,Ascomycota,Eurotiomycetes,Aspergillus thailandensis
F_ASPRG_TXNS,Aspergillus texensis,Aspergillus,texensis,Fungi,Ascomycota,Eurotiomycetes,Aspergillus texensis
F_ASPRG_TRRC_INDC,Aspergillus terricola indicus,Aspergillus,terricola,Fungi,Ascomycota,Eurotiomycetes,Aspergillus terricola indicus
F_ASPRG_TRRC_AMRC,Aspergillus terricola americanus,Aspergillus,terricola,Fungi,Ascomycota,Eurotiomycetes,Aspergillus terricola americanus
F_ASPRG_TRRC,Aspergillus terricola,Aspergillus,terricola,Fungi,Ascomycota,Eurotiomycetes,Aspergillus terricola
F_ASPRG_TRDC,Aspergillus tardicrescens,Aspergillus,tardicrescens,Fungi,Ascomycota,Eurotiomycetes,Aspergillus tardicrescens
F_ASPRG_TERRS_GLBS,Aspergillus terreus globosus,Aspergillus,terreus,Fungi,Ascomycota,Eurotiomycetes,Aspergillus terreus globosus
F_ASPRG_TPRS,Aspergillus teporis,Aspergillus,teporis,Fungi,Ascomycota,Eurotiomycetes,Aspergillus teporis
F_ASPRG_TNBR,Aspergillus tenebricus,Aspergillus,tenebricus,Fungi,Ascomycota,Eurotiomycetes,Aspergillus tenebricus
F_ASPRG_TMPL,Aspergillus templicola,Aspergillus,templicola,Fungi,Ascomycota,Eurotiomycetes,Aspergillus templicola
F_ASPRG_TLLR,Aspergillus telluris,Aspergillus,telluris,Fungi,Ascomycota,Eurotiomycetes,Aspergillus telluris
F_ASPRG_TATN,Aspergillus tatenoi,Aspergillus,tatenoi,Fungi,Ascomycota,Eurotiomycetes,Aspergillus tatenoi
F_ASPRG_TSMN,Aspergillus tasmanicus,Aspergillus,tasmanicus,Fungi,Ascomycota,Eurotiomycetes,Aspergillus tasmanicus
F_ASPRG_TERRS,Aspergillus terreus,Aspergillus,terreus,Fungi,Ascomycota,Eurotiomycetes,Aspergillus terreus
F_ASPRG_RTCL,Aspergillus reticulatus,Aspergillus,reticulatus,Fungi,Ascomycota,Eurotiomycetes,Aspergillus reticulatus
F_ASPRG_RSTR,Aspergillus restrictus,Aspergillus,restrictus,Fungi,Ascomycota,Eurotiomycetes,Aspergillus restrictus
F_ASPRG_RPTN,Aspergillus reptans,Aspergillus,reptans,Fungi,Ascomycota,Eurotiomycetes,Aspergillus reptans
F_ASPRG_OTAN,Aspergillus otanii,Aspergillus,otanii,Fungi,Ascomycota,Eurotiomycetes,Aspergillus otanii
F_ASPRG_OSTN_PPRS,Aspergillus ostianus capparis,Aspergillus,ostianus,Fungi,Ascomycota,Eurotiomycetes,Aspergillus ostianus capparis
F_ASPRG_OSTN,Aspergillus ostianus,Aspergillus,ostianus,Fungi,Ascomycota,Eurotiomycetes,Aspergillus ostianus
F_ASPRG_OSMP,Aspergillus osmophilus,Aspergillus,osmophilus,Fungi,Ascomycota,Eurotiomycetes,Aspergillus osmophilus
F_ASPRG_ORYZ_VRDS,Aspergillus oryzae viridis,Aspergillus,oryzae,Fungi,Ascomycota,Eurotiomycetes,Aspergillus oryzae viridis
F_ASPRG_ORYZ_ORYZ,Aspergillus oryzae oryzae,Aspergillus,oryzae,Fungi,Ascomycota,Eurotiomycetes,Aspergillus oryzae oryzae
F_ASPRG_OVLS,Aspergillus ovalispermus,Aspergillus,ovalispermus,Fungi,Ascomycota,Eurotiomycetes,Aspergillus ovalispermus
F_ASPRG_ORYZ_FLVS,Aspergillus oryzae fulvus,Aspergillus,oryzae,Fungi,Ascomycota,Eurotiomycetes,Aspergillus oryzae fulvus
F_ASPRG_ORYZ_BSDF,Aspergillus oryzae basidiferus,Aspergillus,oryzae,Fungi,Ascomycota,Eurotiomycetes,Aspergillus oryzae basidiferus
F_ASPRG_ORNT,Aspergillus ornatulus,Aspergillus,ornatulus,Fungi,Ascomycota,Eurotiomycetes,Aspergillus ornatulus
F_ASPRG_OMNN,Aspergillus omanensis,Aspergillus,omanensis,Fungi,Ascomycota,Eurotiomycetes,Aspergillus omanensis
F_ASPRG_OLVM,Aspergillus olivimuriae,Aspergillus,olivimuriae,Fungi,Ascomycota,Eurotiomycetes,Aspergillus olivimuriae
F_ASPRG_OLVC,Aspergillus olivicola,Aspergillus,olivicola,Fungi,Ascomycota,Eurotiomycetes,Aspergillus olivicola
F_ASPRG_OLVCS,Aspergillus olivaceus,Aspergillus,olivaceus,Fungi,Ascomycota,Eurotiomycetes,Aspergillus olivaceus
F_ASPRG_ORYZ_EFFS,Aspergillus oryzae effusus,Aspergillus,oryzae,Fungi,Ascomycota,Eurotiomycetes,Aspergillus oryzae effusus
F_ASPRG_OLVCF,Aspergillus olivaceofuscus,Aspergillus,olivaceofuscus,Fungi,Ascomycota,Eurotiomycetes,Aspergillus olivaceofuscus
F_ASPRG_OXUM,Aspergillus oxumiae,Aspergillus,oxumiae,Fungi,Ascomycota,Eurotiomycetes,Aspergillus oxumiae
F_ASPRG_PCHY,Aspergillus pachycristatus,Aspergillus,pachycristatus,Fungi,Ascomycota,Eurotiomycetes,Aspergillus pachycristatus
F_ASPRG_PNCLLT,Aspergillus penicillatus,Aspergillus,penicillatus,Fungi,Ascomycota,Eurotiomycetes,Aspergillus penicillatus
F_ASPRG_PELL,Aspergillus pelloeae,Aspergillus,pelloeae,Fungi,Ascomycota,Eurotiomycetes,Aspergillus pelloeae
F_ASPRG_PLST,Aspergillus paulistensis,Aspergillus,paulistensis,Fungi,Ascomycota,Eurotiomycetes,Aspergillus paulistensis
F_ASPRG_PRVL,Aspergillus parvulus,Aspergillus,parvulus,Fungi,Ascomycota,Eurotiomycetes,Aspergillus parvulus
F_ASPRG_PRVV,Aspergillus parviverruculosus,Aspergillus,parviverruculosus,Fungi,Ascomycota,Eurotiomycetes,Aspergillus parviverruculosus
F_ASPRG_PRVS,Aspergillus parvisclerotigenus,Aspergillus,parvisclerotigenus,Fungi,Ascomycota,Eurotiomycetes,Aspergillus parvisclerotigenus
F_ASPRG_PCHYC,Aspergillus pachycaulis,Aspergillus,pachycaulis,Fungi,Ascomycota,Eurotiomycetes,Aspergillus pachycaulis
F_ASPRG_PRRL,Aspergillus parrulus,Aspergillus,parrulus,Fungi,Ascomycota,Eurotiomycetes,Aspergillus parrulus
F_ASPRG_PRST,Aspergillus parasiticus,Aspergillus,parasiticus,Fungi,Ascomycota,Eurotiomycetes,Aspergillus parasiticus
F_ASPRG_PRFL,Aspergillus parafelis,Aspergillus,parafelis,Fungi,Ascomycota,Eurotiomycetes,Aspergillus parafelis
F_ASPRG_PNMN,Aspergillus panamensis,Aspergillus,panamensis,Fungi,Ascomycota,Eurotiomycetes,Aspergillus panamensis
F_ASPRG_PLLDS,Aspergillus pallidus,Aspergillus,pallidus,Fungi,Ascomycota,Eurotiomycetes,Aspergillus pallidus
F_ASPRG_PLLD,Aspergillus pallidofulvus,Aspergillus,pallidofulvus,Fungi,Ascomycota,Eurotiomycetes,Aspergillus pallidofulvus
F_ASPRG_PLCS,Aspergillus paleaceus,Aspergillus,paleaceus,Fungi,Ascomycota,Eurotiomycetes,Aspergillus paleaceus
F_ASPRG_PRST_GLBS,Aspergillus parasiticus globosus,Aspergillus,parasiticus,Fungi,Ascomycota,Eurotiomycetes,Aspergillus parasiticus globosus
F_ASPRG_PNCL,Aspergillus penicilliformis,Aspergillus,penicilliformis,Fungi,Ascomycota,Eurotiomycetes,Aspergillus penicilliformis
F_ASPRG_OLCL,Aspergillus oleicola,Aspergillus,oleicola,Fungi,Ascomycota,Eurotiomycetes,Aspergillus oleicola
F_ASPRG_ORLN,Aspergillus oerlinghausenensis,Aspergillus,oerlinghausenensis,Fungi,Ascomycota,Eurotiomycetes,Aspergillus oerlinghausenensis
F_ASPRG_NGRS,Aspergillus nigrescens,Aspergillus,nigrescens,Fungi,Ascomycota,Eurotiomycetes,Aspergillus nigrescens
F_ASPRG_NIGR_NANS,Aspergillus niger nanus,Aspergillus,niger,Fungi,Ascomycota,Eurotiomycetes,Aspergillus niger nanus
F_ASPRG_NIGR_INTR,Aspergillus niger intermedius,Aspergillus,niger,Fungi,Ascomycota,Eurotiomycetes,Aspergillus niger intermedius
F_ASPRG_NIGR,Aspergillus niger,Aspergillus,niger,Fungi,Ascomycota,Eurotiomycetes,Aspergillus niger
F_ASPRG_NDLN_IMMN,Aspergillus nidulans imminutus,Aspergillus,nidulans,Fungi,Ascomycota,Eurotiomycetes,Aspergillus nidulans imminutus
F_ASPRG_NDLN_RTLR,Aspergillus nidulans fertilior,Aspergillus,nidulans,Fungi,Ascomycota,Eurotiomycetes,Aspergillus nidulans fertilior
F_ASPRG_NGRC,Aspergillus nigricans,Aspergillus,nigricans,Fungi,Ascomycota,Eurotiomycetes,Aspergillus nigricans
F_ASPRG_NDLN,Aspergillus nidulans,Aspergillus,nidulans,Fungi,Ascomycota,Eurotiomycetes,Aspergillus nidulans
F_ASPRG_NTRR,Aspergillus neoterreus,Aspergillus,neoterreus,Fungi,Ascomycota,Eurotiomycetes,Aspergillus neoterreus
F_ASPRG_NSTY,Aspergillus neosteynii,Aspergillus,neosteynii,Fungi,Ascomycota,Eurotiomycetes,Aspergillus neosteynii
F_ASPRG_NPRD,Aspergillus neoparadoxus,Aspergillus,neoparadoxus,Fungi,Ascomycota,Eurotiomycetes,Aspergillus neoparadoxus
F_ASPRG_NCHR,Aspergillus neoochraceus,Aspergillus,neoochraceus,Fungi,Ascomycota,Eurotiomycetes,Aspergillus neoochraceus
F_ASPRG_NNVS,Aspergillus neoniveus,Aspergillus,neoniveus,Fungi,Ascomycota,Eurotiomycetes,Aspergillus neoniveus
F_ASPRG_NNDC,Aspergillus neoindicus,Aspergillus,neoindicus,Fungi,Ascomycota,Eurotiomycetes,Aspergillus neoindicus
F_ASPRG_NTRT,Aspergillus neotritici,Aspergillus,neotritici,Fungi,Ascomycota,Eurotiomycetes,Aspergillus neotritici
F_ASPRG_OKVN,Aspergillus okavangoensis,Aspergillus,okavangoensis,Fungi,Ascomycota,Eurotiomycetes,Aspergillus okavangoensis
F_ASPRG_NSHM,Aspergillus nishimurae,Aspergillus,nishimurae,Fungi,Ascomycota,Eurotiomycetes,Aspergillus nishimurae
F_ASPRG_NLTN,Aspergillus noelting,Aspergillus,noelting,Fungi,Ascomycota,Eurotiomycetes,Aspergillus noelting
F_ASPRG_HRCS_OCHR,Aspergillus ochraceus ochraceus,Aspergillus,ochraceus,Fungi,Ascomycota,Eurotiomycetes,Aspergillus ochraceus ochraceus
F_ASPRG_HRCS,Aspergillus ochraceus,Aspergillus,ochraceus,Fungi,Ascomycota,Eurotiomycetes,Aspergillus ochraceus
F_ASPRG_RCRBR,Aspergillus ochraceoruber,Aspergillus,ochraceoruber,Fungi,Ascomycota,Eurotiomycetes,Aspergillus ochraceoruber
F_ASPRG_OCHRC,Aspergillus ochraceoroseus,Aspergillus,ochraceoroseus,Fungi,Ascomycota,Eurotiomycetes,Aspergillus ochraceoroseus
F_ASPRG_OCHR,Aspergillus ochraceopetaliformis,Aspergillus,ochraceopetaliformis,Fungi,Ascomycota,Eurotiomycetes,Aspergillus ochraceopetaliformis
F_ASPRG_OCCL,Aspergillus occultus,Aspergillus,occultus,Fungi,Ascomycota,Eurotiomycetes,Aspergillus occultus
F_ASPRG_NIVS,Aspergillus niveus,Aspergillus,niveus,Fungi,Ascomycota,Eurotiomycetes,Aspergillus niveus
F_ASPRG_NTNS,Aspergillus nutans,Aspergillus,nutans,Fungi,Ascomycota,Eurotiomycetes,Aspergillus nutans
F_ASPRG_NVPR,Aspergillus novoparasiticus,Aspergillus,novoparasiticus,Fungi,Ascomycota,Eurotiomycetes,Aspergillus novoparasiticus
F_ASPRG_NVGN,Aspergillus novoguineensis,Aspergillus,novoguineensis,Fungi,Ascomycota,Eurotiomycetes,Aspergillus novoguineensis
F_ASPRG_NVFM,Aspergillus novofumigatus,Aspergillus,novofumigatus,Fungi,Ascomycota,Eurotiomycetes,Aspergillus novofumigatus
F_ASPRG_NONM,Aspergillus noonimiae,Aspergillus,noonimiae,Fungi,Ascomycota,Eurotiomycetes,Aspergillus noonimiae
F_ASPRG_NOMS,Aspergillus nomius,Aspergillus,nomius,Fungi,Ascomycota,Eurotiomycetes,Aspergillus nomius
F_ASPRG_NOMI,Aspergillus nomiae,Aspergillus,nomiae,Fungi,Ascomycota,Eurotiomycetes,Aspergillus nomiae
F_ASPRG_NOVS,Aspergillus novus,Aspergillus,novus,Fungi,Ascomycota,Eurotiomycetes,Aspergillus novus
F_ASPRG_PNCLL,Aspergillus penicillioides,Aspergillus,penicillioides,Fungi,Ascomycota,Eurotiomycetes,Aspergillus penicillioides
F_ASPRG_LPSS,Aspergillus penicillopsis,Aspergillus,penicillopsis,Fungi,Ascomycota,Eurotiomycetes,Aspergillus penicillopsis
F_ASPRG_PRCN,Aspergillus periconioides,Aspergillus,periconioides,Fungi,Ascomycota,Eurotiomycetes,Aspergillus periconioides
F_ASPRG_PRPR,Aspergillus purpureus,Aspergillus,purpureus,Fungi,Ascomycota,Eurotiomycetes,Aspergillus purpureus
F_ASPRG_PRPRF,Aspergillus purpureofuscus,Aspergillus,purpureofuscus,Fungi,Ascomycota,Eurotiomycetes,Aspergillus purpureofuscus
F_ASPRG_PRPRC,Aspergillus purpureocrustaceus,Aspergillus,purpureocrustaceus,Fungi,Ascomycota,Eurotiomycetes,Aspergillus purpureocrustaceus
F_ASPRG_PNCS,Aspergillus puniceus,Aspergillus,puniceus,Fungi,Ascomycota,Eurotiomycetes,Aspergillus puniceus
F_ASPRG_PLVN,Aspergillus pulvinus,Aspergillus,pulvinus,Fungi,Ascomycota,Eurotiomycetes,Aspergillus pulvinus
F_ASPRG_PLVR,Aspergillus pulvericola,Aspergillus,pulvericola,Fungi,Ascomycota,Eurotiomycetes,Aspergillus pulvericola
F_ASPRG_PSLL,Aspergillus pusillus,Aspergillus,pusillus,Fungi,Ascomycota,Eurotiomycetes,Aspergillus pusillus
F_ASPRG_PLMH,Aspergillus pulmonum-hominis,Aspergillus,pulmonum-hominis,Fungi,Ascomycota,Eurotiomycetes,Aspergillus pulmonum-hominis
F_ASPRG_DSTS,Aspergillus pseudoustus,Aspergillus,pseudoustus,Fungi,Ascomycota,Eurotiomycetes,Aspergillus pseudoustus
F_ASPRG_PSDTB,Aspergillus pseudotubingensis,Aspergillus,pseudotubingensis,Fungi,Ascomycota,Eurotiomycetes,Aspergillus pseudotubingensis
F_ASPRG_PSDTR,Aspergillus pseudoterreus,Aspergillus,pseudoterreus,Fungi,Ascomycota,Eurotiomycetes,Aspergillus pseudoterreus
F_ASPRG_PSDT,Aspergillus pseudotamarii,Aspergillus,pseudotamarii,Fungi,Ascomycota,Eurotiomycetes,Aspergillus pseudotamarii
F_ASPRG_TYNI,Aspergillus pseudosteynii,Aspergillus,pseudosteynii,Fungi,Ascomycota,Eurotiomycetes,Aspergillus pseudosteynii
F_ASPRG_PSDSC,Aspergillus pseudosclerotiorum,Aspergillus,pseudosclerotiorum,Fungi,Ascomycota,Eurotiomycetes,Aspergillus pseudosclerotiorum
F_ASPRG_PSDV,Aspergillus pseudoviridinutans,Aspergillus,pseudoviridinutans,Fungi,Ascomycota,Eurotiomycetes,Aspergillus pseudoviridinutans
F_ASPRG_PSDN,Aspergillus pseudonomius,Aspergillus,pseudonomius,Fungi,Ascomycota,Eurotiomycetes,Aspergillus pseudonomius
F_ASPRG_QLNY,Aspergillus qilianyuensis,Aspergillus,qilianyuensis,Fungi,Ascomycota,Eurotiomycetes,Aspergillus qilianyuensis
F_ASPRG_QZTN,Aspergillus qizutongii,Aspergillus,qizutongii,Fungi,Ascomycota,Eurotiomycetes,Aspergillus qizutongii
F_ASPRG_RPNS_CLSS,Aspergillus repens parvivesiculosus,Aspergillus,repens,Fungi,Ascomycota,Eurotiomycetes,Aspergillus repens parvivesiculosus
F_ASPRG_RPND,Aspergillus repandus,Aspergillus,repandus,Fungi,Ascomycota,Eurotiomycetes,Aspergillus repandus
F_ASPRG_RCRV,Aspergillus recurvatus,Aspergillus,recurvatus,Fungi,Ascomycota,Eurotiomycetes,Aspergillus recurvatus
F_ASPRG_RCFN,Aspergillus recifensis,Aspergillus,recifensis,Fungi,Ascomycota,Eurotiomycetes,Aspergillus recifensis
F_ASPRG_RAPR,Aspergillus raperi,Aspergillus,raperi,Fungi,Ascomycota,Eurotiomycetes,Aspergillus raperi
F_ASPRG_RMSS,Aspergillus ramosus,Aspergillus,ramosus,Fungi,Ascomycota,Eurotiomycetes,Aspergillus ramosus
F_ASPRG_QNQX,Aspergillus qinqixianii,Aspergillus,qinqixianii,Fungi,Ascomycota,Eurotiomycetes,Aspergillus qinqixianii
F_ASPRG_RMBL,Aspergillus rambellii,Aspergillus,rambellii,Fungi,Ascomycota,Eurotiomycetes,Aspergillus rambellii
F_ASPRG_RCMSS,Aspergillus racemosus,Aspergillus,racemosus,Fungi,Ascomycota,Eurotiomycetes,Aspergillus racemosus
F_ASPRG_QTNS,Aspergillus quitensis,Aspergillus,quitensis,Fungi,Ascomycota,Eurotiomycetes,Aspergillus quitensis
F_ASPRG_QUNN,Aspergillus quininae,Aspergillus,quininae,Fungi,Ascomycota,Eurotiomycetes,Aspergillus quininae
F_ASPRG_QDRL,Aspergillus quadrilineatus,Aspergillus,quadrilineatus,Fungi,Ascomycota,Eurotiomycetes,Aspergillus quadrilineatus
F_ASPRG_QDRF,Aspergillus quadrifidus,Aspergillus,quadrifidus,Fungi,Ascomycota,Eurotiomycetes,Aspergillus quadrifidus
F_ASPRG_NGNS,Aspergillus quadricingens,Aspergillus,quadricingens,Fungi,Ascomycota,Eurotiomycetes,Aspergillus quadricingens
F_ASPRG_RANS,Aspergillus raianus,Aspergillus,raianus,Fungi,Ascomycota,Eurotiomycetes,Aspergillus raianus
F_ASPRG_PSDNM,Aspergillus pseudonomiae,Aspergillus,pseudonomiae,Fungi,Ascomycota,Eurotiomycetes,Aspergillus pseudonomiae
F_ASPRG_RCLS,Aspergillus pseudogracilis,Aspergillus,pseudogracilis,Fungi,Ascomycota,Eurotiomycetes,Aspergillus pseudogracilis
F_ASPRG_PSDG,Aspergillus pseudoglaucus,Aspergillus,pseudoglaucus,Fungi,Ascomycota,Eurotiomycetes,Aspergillus pseudoglaucus
F_ASPRG_PLRS,Aspergillus pluriseminatus,Aspergillus,pluriseminatus,Fungi,Ascomycota,Eurotiomycetes,Aspergillus pluriseminatus
F_ASPRG_PLMR,Aspergillus plumeriae,Aspergillus,plumeriae,Fungi,Ascomycota,Eurotiomycetes,Aspergillus plumeriae
F_ASPRG_PISC,Aspergillus pisce,Aspergillus,pisce,Fungi,Ascomycota,Eurotiomycetes,Aspergillus pisce
F_ASPRG_PPRC,Aspergillus pipericola,Aspergillus,pipericola,Fungi,Ascomycota,Eurotiomycetes,Aspergillus pipericola
F_ASPRG_PDPL,Aspergillus pidoplichkovii,Aspergillus,pidoplichkovii,Fungi,Ascomycota,Eurotiomycetes,Aspergillus pidoplichkovii
F_ASPRG_PHNC,Aspergillus phoenicis,Aspergillus,phoenicis,Fungi,Ascomycota,Eurotiomycetes,Aspergillus phoenicis
F_ASPRG_PLYC,Aspergillus polychromus,Aspergillus,polychromus,Fungi,Ascomycota,Eurotiomycetes,Aspergillus polychromus
F_ASPRG_MPLX,Aspergillus phialosimplex,Aspergillus,phialosimplex,Fungi,Ascomycota,Eurotiomycetes,Aspergillus phialosimplex
F_ASPRG_PHLF,Aspergillus phialiformis,Aspergillus,phialiformis,Fungi,Ascomycota,Eurotiomycetes,Aspergillus phialiformis
F_ASPRG_PYRN,Aspergillus peyronelii,Aspergillus,peyronelii,Fungi,Ascomycota,Eurotiomycetes,Aspergillus peyronelii
F_ASPRG_PTRK,Aspergillus petrakii,Aspergillus,petrakii,Fungi,Ascomycota,Eurotiomycetes,Aspergillus petrakii
F_ASPRG_PTRS,Aspergillus petersonii,Aspergillus,petersonii,Fungi,Ascomycota,Eurotiomycetes,Aspergillus petersonii
F_ASPRG_PERS,Aspergillus persii,Aspergillus,persii,Fungi,Ascomycota,Eurotiomycetes,Aspergillus persii
F_ASPRG_PRNM,Aspergillus pernambucoensis,Aspergillus,pernambucoensis,Fungi,Ascomycota,Eurotiomycetes,Aspergillus pernambucoensis
F_ASPRG_SPTCS,Aspergillus phialisepticus,Aspergillus,phialisepticus,Fungi,Ascomycota,Eurotiomycetes,Aspergillus phialisepticus
F_ASPRG_PLYP,Aspergillus polyporicola,Aspergillus,polyporicola,Fungi,Ascomycota,Eurotiomycetes,Aspergillus polyporicola
F_ASPRG_PRSS,Aspergillus porosus,Aspergillus,porosus,Fungi,Ascomycota,Eurotiomycetes,Aspergillus porosus
F_ASPRG_PRPH,Aspergillus porphyreostipitatus,Aspergillus,porphyreostipitatus,Fungi,Ascomycota,Eurotiomycetes,Aspergillus porphyreostipitatus
F_ASPRG_PSDFM,Aspergillus pseudofumigatus,Aspergillus,pseudofumigatus,Fungi,Ascomycota,Eurotiomycetes,Aspergillus pseudofumigatus
F_ASPRG_PSDFL,Aspergillus pseudoflavus,Aspergillus,pseudoflavus,Fungi,Ascomycota,Eurotiomycetes,Aspergillus pseudoflavus
F_ASPRG_PSDF,Aspergillus pseudofelis,Aspergillus,pseudofelis,Fungi,Ascomycota,Eurotiomycetes,Aspergillus pseudofelis
F_ASPRG_PSDL,Aspergillus pseudoelegans,Aspergillus,pseudoelegans,Fungi,Ascomycota,Eurotiomycetes,Aspergillus pseudoelegans
F_ASPRG_DLTR,Aspergillus pseudoelatior,Aspergillus,pseudoelatior,Fungi,Ascomycota,Eurotiomycetes,Aspergillus pseudoelatior
F_ASPRG_PSDD,Aspergillus pseudodeflectus,Aspergillus,pseudodeflectus,Fungi,Ascomycota,Eurotiomycetes,Aspergillus pseudodeflectus
F_ASPRG_PSDCLV,Aspergillus pseudoclavatus,Aspergillus,pseudoclavatus,Fungi,Ascomycota,Eurotiomycetes,Aspergillus pseudoclavatus
F_ASPRG_PSDCR,Aspergillus pseudocarbonarius,Aspergillus,pseudocarbonarius,Fungi,Ascomycota,Eurotiomycetes,Aspergillus pseudocarbonarius
F_ASPRG_PSDC,Aspergillus pseudocaelatus,Aspergillus,pseudocaelatus,Fungi,Ascomycota,Eurotiomycetes,Aspergillus pseudocaelatus
F_ASPRG_PSDLB,Aspergillus pseudoalabamensis,Aspergillus,pseudoalabamensis,Fungi,Ascomycota,Eurotiomycetes,Aspergillus pseudoalabamensis
F_ASPRG_PSDCL,Aspergillus pseudoaculeatus,Aspergillus,pseudoaculeatus,Fungi,Ascomycota,Eurotiomycetes,Aspergillus pseudoaculeatus
F_ASPRG_PRLF,Aspergillus proliferans,Aspergillus,proliferans,Fungi,Ascomycota,Eurotiomycetes,Aspergillus proliferans
F_ASPRG_PRML,Aspergillus primulinus,Aspergillus,primulinus,Fungi,Ascomycota,Eurotiomycetes,Aspergillus primulinus
F_ASPRG_PRGN,Aspergillus pragensis,Aspergillus,pragensis,Fungi,Ascomycota,Eurotiomycetes,Aspergillus pragensis
F_ASPRG_PSDS,Aspergillus posadasensis,Aspergillus,posadasensis,Fungi,Ascomycota,Eurotiomycetes,Aspergillus posadasensis
F_ASPRG_VLLS,Aspergillus villosus,Aspergillus,villosus,Fungi,Ascomycota,Eurotiomycetes,Aspergillus villosus
F_ASPRG_NGLB,Aspergillus neoglaber,Aspergillus,neoglaber,Fungi,Ascomycota,Eurotiomycetes,Aspergillus neoglaber
F_ASPRG_VNSB,Aspergillus vinosobubalinus,Aspergillus,vinosobubalinus,Fungi,Ascomycota,Eurotiomycetes,Aspergillus vinosobubalinus
F_ASPRG_VILCS,Aspergillus violaceus,Aspergillus,violaceus,Fungi,Ascomycota,Eurotiomycetes,Aspergillus violaceus
B_PSDMN_CRCP,Pseudomonas caricapapayae,Pseudomonas,caricapapayae,Bacteria,Pseudomonadota,Gammaproteobacteria,Pseudomonas caricapapayae
B_PSDMN_CRBX,Pseudomonas carboxydohydrogena,Pseudomonas,carboxydohydrogena,Bacteria,Pseudomonadota,Gammaproteobacteria,Pseudomonas carboxydohydrogena
B_PSDMN_CRBN,Pseudomonas carbonaria,Pseudomonas,carbonaria,Bacteria,Pseudomonadota,Gammaproteobacteria,Pseudomonas carbonaria
B_PSDMN_CPSC,Pseudomonas capsici,Pseudomonas,capsici,Bacteria,Pseudomonadota,Gammaproteobacteria,Pseudomonas capsici
B_PSDMN_CANN,Pseudomonas cannae,Pseudomonas,cannae,Bacteria,Pseudomonadota,Gammaproteobacteria,Pseudomonas cannae
B_PSDMN_CNNB,Pseudomonas cannabina,Pseudomonas,cannabina,Bacteria,Pseudomonadota,Gammaproteobacteria,Pseudomonas cannabina
B_PSDMN_CRNS,Pseudomonas carnis,Pseudomonas,carnis,Bacteria,Pseudomonadota,Gammaproteobacteria,Pseudomonas carnis
B_PSDMN_CNVN,Pseudomonas canavaninivorans,Pseudomonas,canavaninivorans,Bacteria,Pseudomonadota,Gammaproteobacteria,Pseudomonas canavaninivorans
B_PSDMN_CAMP,Pseudomonas campi,Pseudomonas,campi,Bacteria,Pseudomonadota,Gammaproteobacteria,Pseudomonas campi
B_PSDMN_CLFR,Pseudomonas californiensis,Pseudomonas,californiensis,Bacteria,Pseudomonadota,Gammaproteobacteria,Pseudomonas californiensis
B_PSDMN_BUBL,Pseudomonas bubulae,Pseudomonas,bubulae,Bacteria,Pseudomonadota,Gammaproteobacteria,Pseudomonas bubulae
B_PSDMN_BRNN,Pseudomonas brenneri,Pseudomonas,brenneri,Bacteria,Pseudomonadota,Gammaproteobacteria,Pseudomonas brenneri
B_PSDMN_SSCE,Pseudomonas brassicae,Pseudomonas,brassicae,Bacteria,Pseudomonadota,Gammaproteobacteria,Pseudomonas brassicae
B_PSDMN_BRSS_NRNT,Pseudomonas brassicacearum neoaurantiaca,Pseudomonas,brassicacearum,Bacteria,Pseudomonadota,Gammaproteobacteria,Pseudomonas brassicacearum neoaurantiaca
B_PSDMN_CNDN,Pseudomonas canadensis,Pseudomonas,canadensis,Bacteria,Pseudomonadota,Gammaproteobacteria,Pseudomonas canadensis
B_PSDMN_BRSS_BRSS,Pseudomonas brassicacearum brassicacearum,Pseudomonas,brassicacearum,Bacteria,Pseudomonadota,Gammaproteobacteria,Pseudomonas brassicacearum brassicacearum
B_PSDMN_CSPN,Pseudomonas caspiana,Pseudomonas,caspiana,Bacteria,Pseudomonadota,Gammaproteobacteria,Pseudomonas caspiana
B_PSDMN_NCLA,Pseudomonas cavernicola,Pseudomonas,cavernicola,Bacteria,Pseudomonadota,Gammaproteobacteria,Pseudomonas cavernicola
B_PSDMN_CLPT,Pseudomonas coleopterorum,Pseudomonas,coleopterorum,Bacteria,Pseudomonadota,Gammaproteobacteria,Pseudomonas coleopterorum
B_PSDMN_CTRN,Pseudomonas citronellolis,Pseudomonas,citronellolis,Bacteria,Pseudomonadota,Gammaproteobacteria,Pseudomonas citronellolis
B_PSDMN_CITR,Pseudomonas citri,Pseudomonas,citri,Bacteria,Pseudomonadota,Gammaproteobacteria,Pseudomonas citri
B_PSDMN_CCHR,Pseudomonas cichorii,Pseudomonas,cichorii,Bacteria,Pseudomonadota,Gammaproteobacteria,Pseudomonas cichorii
B_PSDMN_CHLR_PSCM,Pseudomonas chlororaphis piscium,Pseudomonas,chlororaphis,Bacteria,Pseudomonadota,Gammaproteobacteria,Pseudomonas chlororaphis piscium
B_PSDMN_CHLR_CHLR,Pseudomonas chlororaphis chlororaphis,Pseudomonas,chlororaphis,Bacteria,Pseudomonadota,Gammaproteobacteria,Pseudomonas chlororaphis chlororaphis
B_PSDMN_CVRN,Pseudomonas cavernae,Pseudomonas,cavernae,Bacteria,Pseudomonadota,Gammaproteobacteria,Pseudomonas cavernae
B_PSDMN_CHLR_ARFC,Pseudomonas chlororaphis aureofaciens,Pseudomonas,chlororaphis,Bacteria,Pseudomonadota,Gammaproteobacteria,Pseudomonas chlororaphis aureofaciens
B_PSDMN_CHLR,Pseudomonas chlororaphis,Pseudomonas,chlororaphis,Bacteria,Pseudomonadota,Gammaproteobacteria,Pseudomonas chlororaphis
B_PSDMN_CHNG,Pseudomonas chengduensis,Pseudomonas,chengduensis,Bacteria,Pseudomonadota,Gammaproteobacteria,Pseudomonas chengduensis
B_PSDMN_CERS,Pseudomonas cerasi,Pseudomonas,cerasi,Bacteria,Pseudomonadota,Gammaproteobacteria,Pseudomonas cerasi
B_PSDMN_CDRN_FLGD,Pseudomonas cedrina fulgida,Pseudomonas,cedrina,Bacteria,Pseudomonadota,Gammaproteobacteria,Pseudomonas cedrina fulgida
B_PSDMN_CDRN_CDRN,Pseudomonas cedrina cedrina,Pseudomonas,cedrina,Bacteria,Pseudomonadota,Gammaproteobacteria,Pseudomonas cedrina cedrina
B_PSDMN_CDRN,Pseudomonas cedrina,Pseudomonas,cedrina,Bacteria,Pseudomonadota,Gammaproteobacteria,Pseudomonas cedrina
B_PSDMN_CHLR_ARNT,Pseudomonas chlororaphis aurantiaca,Pseudomonas,chlororaphis,Bacteria,Pseudomonadota,Gammaproteobacteria,Pseudomonas chlororaphis aurantiaca
B_PSDMN_CMPS,Pseudomonas composti,Pseudomonas,composti,Bacteria,Pseudomonadota,Gammaproteobacteria,Pseudomonas composti
B_PSDMN_BRSS,Pseudomonas brassicacearum,Pseudomonas,brassicacearum,Bacteria,Pseudomonadota,Gammaproteobacteria,Pseudomonas brassicacearum
B_PSDMN_BRPL,Pseudomonas boreopolis,Pseudomonas,boreopolis,Bacteria,Pseudomonadota,Gammaproteobacteria,Pseudomonas boreopolis
B_PSDMN_ATGN,Pseudomonas atagonensis,Pseudomonas,atagonensis,Bacteria,Pseudomonadota,Gammaproteobacteria,Pseudomonas atagonensis
B_PSDMN_ATCM,Pseudomonas atacamensis,Pseudomonas,atacamensis,Bacteria,Pseudomonadota,Gammaproteobacteria,Pseudomonas atacamensis
B_PSDMN_ASTR,Pseudomonas asturiensis,Pseudomonas,asturiensis,Bacteria,Pseudomonadota,Gammaproteobacteria,Pseudomonas asturiensis
B_PSDMN_ASPL,Pseudomonas asplenii,Pseudomonas,asplenii,Bacteria,Pseudomonadota,Gammaproteobacteria,Pseudomonas asplenii
B_PSDMN_ASTC,Pseudomonas asiatica,Pseudomonas,asiatica,Bacteria,Pseudomonadota,Gammaproteobacteria,Pseudomonas asiatica
B_PSDMN_ASGH,Pseudomonas asgharzadehiana,Pseudomonas,asgharzadehiana,Bacteria,Pseudomonadota,Gammaproteobacteria,Pseudomonas asgharzadehiana
B_PSDMN_AVLL,Pseudomonas avellanae,Pseudomonas,avellanae,Bacteria,Pseudomonadota,Gammaproteobacteria,Pseudomonas avellanae
B_PSDMN_ARSN,Pseudomonas arsenicoxydans,Pseudomonas,arsenicoxydans,Bacteria,Pseudomonadota,Gammaproteobacteria,Pseudomonas arsenicoxydans
B_PSDMN_ARGN,Pseudomonas argentinensis,Pseudomonas,argentinensis,Bacteria,Pseudomonadota,Gammaproteobacteria,Pseudomonas argentinensis
B_PSDMN_ARCS,Pseudomonas arcuscaelestis,Pseudomonas,arcuscaelestis,Bacteria,Pseudomonadota,Gammaproteobacteria,Pseudomonas arcuscaelestis
B_PSDMN_APHY,Pseudomonas aphyarum,Pseudomonas,aphyarum,Bacteria,Pseudomonadota,Gammaproteobacteria,Pseudomonas aphyarum
B_PSDMN_ANRD,Pseudomonas anuradhapurensis,Pseudomonas,anuradhapurensis,Bacteria,Pseudomonadota,Gammaproteobacteria,Pseudomonas anuradhapurensis
B_PSDMN_ANTR,Pseudomonas antarctica,Pseudomonas,antarctica,Bacteria,Pseudomonadota,Gammaproteobacteria,Pseudomonas antarctica
B_PSDMN_ANGL,Pseudomonas anguilliseptica,Pseudomonas,anguilliseptica,Bacteria,Pseudomonadota,Gammaproteobacteria,Pseudomonas anguilliseptica
B_PSDMN_ARMT,Pseudomonas aromaticivorans,Pseudomonas,aromaticivorans,Bacteria,Pseudomonadota,Gammaproteobacteria,Pseudomonas aromaticivorans
B_PSDMN_BTVN,Pseudomonas botevensis,Pseudomonas,botevensis,Bacteria,Pseudomonadota,Gammaproteobacteria,Pseudomonas botevensis
B_PSDMN_AYLM,Pseudomonas aylmerensis,Pseudomonas,aylmerensis,Bacteria,Pseudomonadota,Gammaproteobacteria,Pseudomonas aylmerensis
B_PSDMN_AZRBJ,Pseudomonas azerbaijanoccidentalis,Pseudomonas,azerbaijanoccidentalis,Bacteria,Pseudomonadota,Gammaproteobacteria,Pseudomonas azerbaijanoccidentalis
B_PSDMN_BRBR,Pseudomonas borbori,Pseudomonas,borbori,Bacteria,Pseudomonadota,Gammaproteobacteria,Pseudomonas borbori
B_PSDMN_BHMC,Pseudomonas bohemica,Pseudomonas,bohemica,Bacteria,Pseudomonadota,Gammaproteobacteria,Pseudomonas bohemica
B_PSDMN_BNNS,Pseudomonas boanensis,Pseudomonas,boanensis,Bacteria,Pseudomonadota,Gammaproteobacteria,Pseudomonas boanensis
B_PSDMN_BJNS,Pseudomonas bijieensis,Pseudomonas,bijieensis,Bacteria,Pseudomonadota,Gammaproteobacteria,Pseudomonas bijieensis
B_PSDMN_BETL,Pseudomonas beteli,Pseudomonas,beteli,Bacteria,Pseudomonadota,Gammaproteobacteria,Pseudomonas beteli
B_PSDMN_BNZP,Pseudomonas benzopyrenica,Pseudomonas,benzopyrenica,Bacteria,Pseudomonadota,Gammaproteobacteria,Pseudomonas benzopyrenica
B_PSDMN_AZAD,Pseudomonas azadiae,Pseudomonas,azadiae,Bacteria,Pseudomonadota,Gammaproteobacteria,Pseudomonas azadiae
B_PSDMN_BNZN,Pseudomonas benzenivorans,Pseudomonas,benzenivorans,Bacteria,Pseudomonadota,Gammaproteobacteria,Pseudomonas benzenivorans
B_PSDMN_BLTC,Pseudomonas baltica,Pseudomonas,baltica,Bacteria,Pseudomonadota,Gammaproteobacteria,Pseudomonas baltica
B_PSDMN_BLRC,Pseudomonas balearica,Pseudomonas,balearica,Bacteria,Pseudomonadota,Gammaproteobacteria,Pseudomonas balearica
B_PSDMN_BATC,Pseudomonas baetica,Pseudomonas,baetica,Bacteria,Pseudomonadota,Gammaproteobacteria,Pseudomonas baetica
B_PSDMN_RMNS,Pseudomonas azotoformans,Pseudomonas,azotoformans,Bacteria,Pseudomonadota,Gammaproteobacteria,Pseudomonas azotoformans
B_PSDMN_AZTF,Pseudomonas azotifigens,Pseudomonas,azotifigens,Bacteria,Pseudomonadota,Gammaproteobacteria,Pseudomonas azotifigens
B_PSDMN_RNTLS,Pseudomonas azerbaijanorientalis,Pseudomonas,azerbaijanorientalis,Bacteria,Pseudomonadota,Gammaproteobacteria,Pseudomonas azerbaijanorientalis
B_PSDMN_BNNM,Pseudomonas bananamidigenes,Pseudomonas,bananamidigenes,Bacteria,Pseudomonadota,Gammaproteobacteria,Pseudomonas bananamidigenes
B_PSDMN_ANTL,Pseudomonas anatoliensis,Pseudomonas,anatoliensis,Bacteria,Pseudomonadota,Gammaproteobacteria,Pseudomonas anatoliensis
B_PSDMN_CNGL,Pseudomonas congelans,Pseudomonas,congelans,Bacteria,Pseudomonadota,Gammaproteobacteria,Pseudomonas congelans
B_PSDMN_CSTN,Pseudomonas costantinii,Pseudomonas,costantinii,Bacteria,Pseudomonadota,Gammaproteobacteria,Pseudomonas costantinii
B_STRPT_ASTR,Streptococcus australis,Streptococcus,australis,Bacteria,Bacillota,Bacilli,Streptococcus australis
B_STRPT_ANGN_WHLY,Streptococcus anginosus whileyi,Streptococcus,anginosus,Bacteria,Bacillota,Bacilli,Streptococcus anginosus whileyi
B_STRPT_ANGN_ANGN,Streptococcus anginosus anginosus,Streptococcus,anginosus,Bacteria,Bacillota,Bacilli,Streptococcus anginosus anginosus
B_STRPT_ANGN,Streptococcus anginosus,Streptococcus,anginosus,Bacteria,Bacillota,Bacilli,Streptococcus anginosus
B_STRPT_ALCT,Streptococcus alactolyticus,Streptococcus,alactolyticus,Bacteria,Bacillota,Bacilli,Streptococcus alactolyticus
B_STRPT_AGLC,Streptococcus agalactiae,Streptococcus,agalactiae,Bacteria,Bacillota,Bacilli,Streptococcus agalactiae
B_STRPT_AZIZ,Streptococcus azizii,Streptococcus,azizii,Bacteria,Bacillota,Bacilli,Streptococcus azizii
B_STRPT_ACDM,Streptococcus acidominimus,Streptococcus,acidominimus,Bacteria,Bacillota,Bacilli,Streptococcus acidominimus
B_PSDMN_GLYC,Pseudomonas glycinae,Pseudomonas,glycinae,Bacteria,Pseudomonadota,Gammaproteobacteria,Pseudomonas glycinae
B_PSDMN_GLAR,Pseudomonas glareae,Pseudomonas,glareae,Bacteria,Pseudomonadota,Gammaproteobacteria,Pseudomonas glareae
B_PSDMN_GSSR,Pseudomonas gessardii,Pseudomonas,gessardii,Bacteria,Pseudomonadota,Gammaproteobacteria,Pseudomonas gessardii
B_PSDMN_GRMNC,Pseudomonas germanica,Pseudomonas,germanica,Bacteria,Pseudomonadota,Gammaproteobacteria,Pseudomonas germanica
B_PSDMN_GLDC,Pseudomonas gelidicola,Pseudomonas,gelidicola,Bacteria,Pseudomonadota,Gammaproteobacteria,Pseudomonas gelidicola
B_PSDMN_FRKW,Pseudomonas furukawaii,Pseudomonas,furukawaii,Bacteria,Pseudomonadota,Gammaproteobacteria,Pseudomonas furukawaii
B_STRPT_GRPL,Streptococcus Group L,Streptococcus,Group L,Bacteria,Bacillota,Bacilli,Streptococcus Group L
B_PSDMN_FULV,Pseudomonas fulva,Pseudomonas,fulva,Bacteria,Pseudomonadota,Gammaproteobacteria,Pseudomonas fulva
B_STRPT_BVMS,Streptococcus bovimastitidis,Streptococcus,bovimastitidis,Bacteria,Bacillota,Bacilli,Streptococcus bovimastitidis
B_STRPT_CCMR,Streptococcus caecimuris,Streptococcus,caecimuris,Bacteria,Bacillota,Bacilli,Streptococcus caecimuris
B_STRPT_CRCT,Streptococcus criceti,Streptococcus,criceti,Bacteria,Bacillota,Bacilli,Streptococcus criceti
B_STRPT_CNST_VBRG,Streptococcus constellatus viborgensis,Streptococcus,constellatus,Bacteria,Bacillota,Bacilli,Streptococcus constellatus viborgensis
B_STRPT_CNST_PHRY,Streptococcus constellatus pharyngis,Streptococcus,constellatus,Bacteria,Bacillota,Bacilli,Streptococcus constellatus pharyngis
B_STRPT_CNST_CNST,Streptococcus constellatus constellatus,Streptococcus,constellatus,Bacteria,Bacillota,Bacilli,Streptococcus constellatus constellatus
B_STRPT_CNST,Streptococcus constellatus,Streptococcus,constellatus,Bacteria,Bacillota,Bacilli,Streptococcus constellatus
B_STRPT_CHSN,Streptococcus chosunense,Streptococcus,chosunense,Bacteria,Bacillota,Bacilli,Streptococcus chosunense
B_STRPT_CBLL,Streptococcus caballi,Streptococcus,caballi,Bacteria,Bacillota,Bacilli,Streptococcus caballi
B_STRPT_CHNJ,Streptococcus chenjunshii,Streptococcus,chenjunshii,Bacteria,Bacillota,Bacilli,Streptococcus chenjunshii
B_STRPT_CTGN,Streptococcus catagoni,Streptococcus,catagoni,Bacteria,Bacillota,Bacilli,Streptococcus catagoni
B_STRPT_CSTR,Streptococcus castoreus,Streptococcus,castoreus,Bacteria,Bacillota,Bacilli,Streptococcus castoreus
B_STRPT_CAPR,Streptococcus caprae,Streptococcus,caprae,Bacteria,Bacillota,Bacilli,Streptococcus caprae
B_STRPT_CANS,Streptococcus canis,Streptococcus,canis,Bacteria,Bacillota,Bacilli,Streptococcus canis
B_STRPT_CAML,Streptococcus cameli,Streptococcus,cameli,Bacteria,Bacillota,Bacilli,Streptococcus cameli
B_STRPT_CLDN,Streptococcus caledonicus,Streptococcus,caledonicus,Bacteria,Bacillota,Bacilli,Streptococcus caledonicus
B_STRPT_CAVI,Streptococcus caviae,Streptococcus,caviae,Bacteria,Bacillota,Bacilli,Streptococcus caviae
B_PSDMN_CRRG,Pseudomonas corrugata,Pseudomonas,corrugata,Bacteria,Pseudomonadota,Gammaproteobacteria,Pseudomonas corrugata
B_PSDMN_FRDR,Pseudomonas frederiksbergensis,Pseudomonas,frederiksbergensis,Bacteria,Pseudomonadota,Gammaproteobacteria,Pseudomonas frederiksbergensis
B_PSDMN_FNTS,Pseudomonas fontis,Pseudomonas,fontis,Bacteria,Pseudomonadota,Gammaproteobacteria,Pseudomonas fontis
B_PSDMN_EDPH,Pseudomonas edaphica,Pseudomonas,edaphica,Bacteria,Pseudomonadota,Gammaproteobacteria,Pseudomonas edaphica
B_PSDMN_DRYD,Pseudomonas dryadis,Pseudomonas,dryadis,Bacteria,Pseudomonadota,Gammaproteobacteria,Pseudomonas dryadis
B_PSDMN_DNGH,Pseudomonas donghuensis,Pseudomonas,donghuensis,Bacteria,Pseudomonadota,Gammaproteobacteria,Pseudomonas donghuensis
B_PSDMN_DLHN,Pseudomonas delhiensis,Pseudomonas,delhiensis,Bacteria,Pseudomonadota,Gammaproteobacteria,Pseudomonas delhiensis
B_PSDMN_DFLV,Pseudomonas defluvii,Pseudomonas,defluvii,Bacteria,Pseudomonadota,Gammaproteobacteria,Pseudomonas defluvii
B_PSDMN_DCPT,Pseudomonas deceptionensis,Pseudomonas,deceptionensis,Bacteria,Pseudomonadota,Gammaproteobacteria,Pseudomonas deceptionensis
B_PSDMN_EKNN,Pseudomonas ekonensis,Pseudomonas,ekonensis,Bacteria,Pseudomonadota,Gammaproteobacteria,Pseudomonas ekonensis
B_PSDMN_DARN,Pseudomonas daroniae,Pseudomonas,daroniae,Bacteria,Pseudomonadota,Gammaproteobacteria,Pseudomonas daroniae
B_PSDMN_CYCL,Pseudomonas cyclaminis,Pseudomonas,cyclaminis,Bacteria,Pseudomonadota,Gammaproteobacteria,Pseudomonas cyclaminis
B_PSDMN_CCMS,Pseudomonas cucumis,Pseudomonas,cucumis,Bacteria,Pseudomonadota,Gammaproteobacteria,Pseudomonas cucumis
B_PSDMN_CTRC,Pseudomonas cuatrocienegasensis,Pseudomonas,cuatrocienegasensis,Bacteria,Pseudomonadota,Gammaproteobacteria,Pseudomonas cuatrocienegasensis
B_PSDMN_CRDL,Pseudomonas crudilactis,Pseudomonas,crudilactis,Bacteria,Pseudomonadota,Gammaproteobacteria,Pseudomonas crudilactis
B_PSDMN_CRMR1,Pseudomonas cremoris,Pseudomonas,cremoris,Bacteria,Pseudomonadota,Gammaproteobacteria,Pseudomonas cremoris
B_PSDMN_CRMR,Pseudomonas cremoricolorata,Pseudomonas,cremoricolorata,Bacteria,Pseudomonadota,Gammaproteobacteria,Pseudomonas cremoricolorata
B_PSDMN_DANB,Pseudomonas danubii,Pseudomonas,danubii,Bacteria,Pseudomonadota,Gammaproteobacteria,Pseudomonas danubii
B_PSDMN_FRAG,Pseudomonas fragi,Pseudomonas,fragi,Bacteria,Pseudomonadota,Gammaproteobacteria,Pseudomonas fragi
B_PSDMN_ENDP,Pseudomonas endophytica,Pseudomonas,endophytica,Bacteria,Pseudomonadota,Gammaproteobacteria,Pseudomonas endophytica
B_PSDMN_EXTR,Pseudomonas extremaustralis,Pseudomonas,extremaustralis,Bacteria,Pseudomonadota,Gammaproteobacteria,Pseudomonas extremaustralis
B_PSDMN_FOLI,Pseudomonas folii,Pseudomonas,folii,Bacteria,Pseudomonadota,Gammaproteobacteria,Pseudomonas folii
B_PSDMN_FLVL,Pseudomonas fluvialis,Pseudomonas,fluvialis,Bacteria,Pseudomonadota,Gammaproteobacteria,Pseudomonas fluvialis
B_PSDMN_FLRS-C,Pseudomonas fluorescens complex,Pseudomonas,fluorescens complex,Bacteria,Pseudomonadota,Gammaproteobacteria,Pseudomonas fluorescens complex
B_PSDMN_FLRS,Pseudomonas fluorescens,Pseudomonas,fluorescens,Bacteria,Pseudomonadota,Gammaproteobacteria,Pseudomonas fluorescens
B_PSDMN_FLRD,Pseudomonas floridensis,Pseudomonas,floridensis,Bacteria,Pseudomonadota,Gammaproteobacteria,Pseudomonas floridensis
B_PSDMN_FLXB,Pseudomonas flexibilis,Pseudomonas,flexibilis,Bacteria,Pseudomonadota,Gammaproteobacteria,Pseudomonas flexibilis
B_PSDMN_ENTM,Pseudomonas entomophila,Pseudomonas,entomophila,Bacteria,Pseudomonadota,Gammaproteobacteria,Pseudomonas entomophila
B_PSDMN_FLVS,Pseudomonas flavescens,Pseudomonas,flavescens,Bacteria,Pseudomonadota,Gammaproteobacteria,Pseudomonas flavescens
B_PSDMN_FLDS,Pseudomonas fildesensis,Pseudomonas,fildesensis,Bacteria,Pseudomonadota,Gammaproteobacteria,Pseudomonas fildesensis
B_PSDMN_FCSR,Pseudomonas ficuserectae,Pseudomonas,ficuserectae,Bacteria,Pseudomonadota,Gammaproteobacteria,Pseudomonas ficuserectae
B_PSDMN_FRSN,Pseudomonas farsensis,Pseudomonas,farsensis,Bacteria,Pseudomonadota,Gammaproteobacteria,Pseudomonas farsensis
B_PSDMN_FRRS,Pseudomonas farris,Pseudomonas,farris,Bacteria,Pseudomonadota,Gammaproteobacteria,Pseudomonas farris
B_PSDMN_FKNN,Pseudomonas fakonensis,Pseudomonas,fakonensis,Bacteria,Pseudomonadota,Gammaproteobacteria,Pseudomonas fakonensis
B_PSDMN_NTLS,Pseudomonas extremorientalis,Pseudomonas,extremorientalis,Bacteria,Pseudomonadota,Gammaproteobacteria,Pseudomonas extremorientalis
B_PSDMN_FTMT,Pseudomonas fitomaticsae,Pseudomonas,fitomaticsae,Bacteria,Pseudomonadota,Gammaproteobacteria,Pseudomonas fitomaticsae
B_PSDMN_AMYG,Pseudomonas amygdali,Pseudomonas,amygdali,Bacteria,Pseudomonadota,Gammaproteobacteria,Pseudomonas amygdali
B_PSDMN_ALVN,Pseudomonas alvandae,Pseudomonas,alvandae,Bacteria,Pseudomonadota,Gammaproteobacteria,Pseudomonas alvandae
B_PSDMN_ALLP,Pseudomonas alloputida,Pseudomonas,alloputida,Bacteria,Pseudomonadota,Gammaproteobacteria,Pseudomonas alloputida
B_STPHY_CASE,Staphylococcus casei,Staphylococcus,casei,Bacteria,Bacillota,Bacilli,Staphylococcus casei
B_STPHY_CRNS,Staphylococcus carnosus,Staphylococcus,carnosus,Bacteria,Bacillota,Bacilli,Staphylococcus carnosus
B_STPHY_CAPR,Staphylococcus caprae,Staphylococcus,caprae,Bacteria,Bacillota,Bacilli,Staphylococcus caprae
B_STPHY_CPTS_URLY,Staphylococcus capitis urealyticus,Staphylococcus,capitis,Bacteria,Bacillota,Bacilli,Staphylococcus capitis urealyticus
B_STPHY_CPTS_CPTS,Staphylococcus capitis capitis,Staphylococcus,capitis,Bacteria,Bacillota,Bacilli,Staphylococcus capitis capitis
B_STPHY_CPTS,Staphylococcus capitis,Staphylococcus,capitis,Bacteria,Bacillota,Bacilli,Staphylococcus capitis
B_STPHY_CHRM,Staphylococcus chromogenes,Staphylococcus,chromogenes,Bacteria,Bacillota,Bacilli,Staphylococcus chromogenes
B_STPHY_CANS,Staphylococcus canis,Staphylococcus,canis,Bacteria,Bacillota,Bacilli,Staphylococcus canis
B_STPHY_CAEL,Staphylococcus caeli,Staphylococcus,caeli,Bacteria,Bacillota,Bacilli,Staphylococcus caeli
B_STPHY_BRNN,Staphylococcus brunensis,Staphylococcus,brunensis,Bacteria,Bacillota,Bacilli,Staphylococcus brunensis
B_STPHY_BRLS,Staphylococcus borealis,Staphylococcus,borealis,Bacteria,Bacillota,Bacilli,Staphylococcus borealis
B_STPHY_ARCL,Staphylococcus auricularis,Staphylococcus,auricularis,Bacteria,Bacillota,Bacilli,Staphylococcus auricularis
B_STPHY_AURS,Staphylococcus aureus,Staphylococcus,aureus,Bacteria,Bacillota,Bacilli,Staphylococcus aureus
B_STPHY_ARLT,Staphylococcus arlettae,Staphylococcus,arlettae,Bacteria,Bacillota,Bacilli,Staphylococcus arlettae
B_STPHY_CLDN,Staphylococcus caledonicus,Staphylococcus,caledonicus,Bacteria,Bacillota,Bacilli,Staphylococcus caledonicus
B_STPHY_GNTS,Staphylococcus argenteus,Staphylococcus,argenteus,Bacteria,Bacillota,Bacilli,Staphylococcus argenteus
B_STPHY_CGLN,Staphylococcus coagulans,Staphylococcus,coagulans,Bacteria,Bacillota,Bacilli,Staphylococcus coagulans
B_STPHY_CNDM,Staphylococcus condimenti,Staphylococcus,condimenti,Bacteria,Bacillota,Bacilli,Staphylococcus condimenti
B_STPHY_GLLN,Staphylococcus gallinarum,Staphylococcus,gallinarum,Bacteria,Bacillota,Bacilli,Staphylococcus gallinarum
B_STPHY_FLRT,Staphylococcus fleurettii,Staphylococcus,fleurettii,Bacteria,Bacillota,Bacilli,Staphylococcus fleurettii
B_STPHY_FELS,Staphylococcus felis,Staphylococcus,felis,Bacteria,Bacillota,Bacilli,Staphylococcus felis
B_STPHY_EQRM_LNNS,Staphylococcus equorum linens,Staphylococcus,equorum,Bacteria,Bacillota,Bacilli,Staphylococcus equorum linens
B_STPHY_EQRM_EQRM,Staphylococcus equorum equorum,Staphylococcus,equorum,Bacteria,Bacillota,Bacilli,Staphylococcus equorum equorum
B_STPHY_EQRM,Staphylococcus equorum,Staphylococcus,equorum,Bacteria,Bacillota,Bacilli,Staphylococcus equorum
B_STPHY_COHN,Staphylococcus cohnii,Staphylococcus,cohnii,Bacteria,Bacillota,Bacilli,Staphylococcus cohnii
B_STPHY_EPDR,Staphylococcus epidermidis,Staphylococcus,epidermidis,Bacteria,Bacillota,Bacilli,Staphylococcus epidermidis
B_STPHY_DRRL,Staphylococcus durrellii,Staphylococcus,durrellii,Bacteria,Bacillota,Bacilli,Staphylococcus durrellii
B_STPHY_DVRS,Staphylococcus devriesei,Staphylococcus,devriesei,Bacteria,Bacillota,Bacilli,Staphylococcus devriesei
B_STPHY_DLPH,Staphylococcus delphini,Staphylococcus,delphini,Bacteria,Bacillota,Bacilli,Staphylococcus delphini
B_STPHY_DBCK,Staphylococcus debuckii,Staphylococcus,debuckii,Bacteria,Bacillota,Bacilli,Staphylococcus debuckii
B_STPHY_CRCL,Staphylococcus croceilyticus,Staphylococcus,croceilyticus,Bacteria,Bacillota,Bacilli,Staphylococcus croceilyticus
B_STPHY_CRNB,Staphylococcus cornubiensis,Staphylococcus,cornubiensis,Bacteria,Bacillota,Bacilli,Staphylococcus cornubiensis
B_STPHY_EDPH,Staphylococcus edaphicus,Staphylococcus,edaphicus,Bacteria,Bacillota,Bacilli,Staphylococcus edaphicus
B_STPHY_HMLY,Staphylococcus haemolyticus,Staphylococcus,haemolyticus,Bacteria,Bacillota,Bacilli,Staphylococcus haemolyticus
B_STPHY_ARGN,Staphylococcus argensis,Staphylococcus,argensis,Bacteria,Bacillota,Bacilli,Staphylococcus argensis
B_STPHY_AGNT,Staphylococcus agnetis,Staphylococcus,agnetis,Bacteria,Bacillota,Bacilli,Staphylococcus agnetis
F_ASPRG_WENT,Aspergillus wentii,Aspergillus,wentii,Fungi,Ascomycota,Eurotiomycetes,Aspergillus wentii
F_ASPRG_WHMR,Aspergillus wehmeri,Aspergillus,wehmeri,Fungi,Ascomycota,Eurotiomycetes,Aspergillus wehmeri
F_ASPRG_WYNL,Aspergillus waynelawii,Aspergillus,waynelawii,Fungi,Ascomycota,Eurotiomycetes,Aspergillus waynelawii
F_ASPRG_WRCP,Aspergillus warcupii,Aspergillus,warcupii,Fungi,Ascomycota,Eurotiomycetes,Aspergillus warcupii
F_ASPRG_WNGD,Aspergillus wangduanlii,Aspergillus,wangduanlii,Fungi,Ascomycota,Eurotiomycetes,Aspergillus wangduanlii
F_ASPRG_WKSM,Aspergillus waksmanii,Aspergillus,waksmanii,Fungi,Ascomycota,Eurotiomycetes,Aspergillus waksmanii
F_ASPRG_WENT_FUMS,Aspergillus wentii fumeus,Aspergillus,wentii,Fungi,Ascomycota,Eurotiomycetes,Aspergillus wentii fumeus
F_ASPRG_VTRC,Aspergillus vitricola,Aspergillus,vitricola,Fungi,Ascomycota,Eurotiomycetes,Aspergillus vitricola
F_ASPRG_VITS,Aspergillus vitis,Aspergillus,vitis,Fungi,Ascomycota,Eurotiomycetes,Aspergillus vitis
F_ASPRG_VTLL,Aspergillus vitellinus,Aspergillus,vitellinus,Fungi,Ascomycota,Eurotiomycetes,Aspergillus vitellinus
F_ASPRG_VRDN,Aspergillus viridinutans,Aspergillus,viridinutans,Fungi,Ascomycota,Eurotiomycetes,Aspergillus viridinutans
F_ASPRG_VRDG,Aspergillus viridigriseus,Aspergillus,viridigriseus,Fungi,Ascomycota,Eurotiomycetes,Aspergillus viridigriseus
F_ASPRG_VRDC,Aspergillus viridicatenatus,Aspergillus,viridicatenatus,Fungi,Ascomycota,Eurotiomycetes,Aspergillus viridicatenatus
F_ASPRG_VIRNS,Aspergillus virens,Aspergillus,virens,Fungi,Ascomycota,Eurotiomycetes,Aspergillus virens
F_ASPRG_VITS_MNTV,Aspergillus vitis montevidensis,Aspergillus,vitis,Fungi,Ascomycota,Eurotiomycetes,Aspergillus vitis montevidensis
B_STPHY_AMRC,Staphylococcus americanisciuri,Staphylococcus,americanisciuri,Bacteria,Bacillota,Bacilli,Staphylococcus americanisciuri
F_ASPRG_WSTR,Aspergillus westerdijkiae,Aspergillus,westerdijkiae,Fungi,Ascomycota,Eurotiomycetes,Aspergillus westerdijkiae
F_ASPRG_WHTF,Aspergillus whitfieldii,Aspergillus,whitfieldii,Fungi,Ascomycota,Eurotiomycetes,Aspergillus whitfieldii
B_STPHY,Staphylococcus,Staphylococcus,,Bacteria,Bacillota,Bacilli,Staphylococcus
B_EDWRD,Edwardsiella,Edwardsiella,,Bacteria,Pseudomonadota,Gammaproteobacteria,Edwardsiella
B_EDWRD_ANGL,Edwardsiella anguillarum,Edwardsiella,anguillarum,Bacteria,Pseudomonadota,Gammaproteobacteria,Edwardsiella anguillarum
B_EDWRD_HSHN,Edwardsiella hoshinae,Edwardsiella,hoshinae,Bacteria,Pseudomonadota,Gammaproteobacteria,Edwardsiella hoshinae
B_EDWRD_ICTL,Edwardsiella ictaluri,Edwardsiella,ictaluri,Bacteria,Pseudomonadota,Gammaproteobacteria,Edwardsiella ictaluri
B_EDWRD_PSCC,Edwardsiella piscicida,Edwardsiella,piscicida,Bacteria,Pseudomonadota,Gammaproteobacteria,Edwardsiella piscicida
F_ASPRG_WSTL,Aspergillus westlandensis,Aspergillus,westlandensis,Fungi,Ascomycota,Eurotiomycetes,Aspergillus westlandensis
B_EDWRD_TARD,Edwardsiella tarda,Edwardsiella,tarda,Bacteria,Pseudomonadota,Gammaproteobacteria,Edwardsiella tarda
F_ASPRG_ZHQN,Aspergillus zhaoqingensis,Aspergillus,zhaoqingensis,Fungi,Ascomycota,Eurotiomycetes,Aspergillus zhaoqingensis
F_ASPRG_YNNN,Aspergillus yunnanensis,Aspergillus,yunnanensis,Fungi,Ascomycota,Eurotiomycetes,Aspergillus yunnanensis
F_ASPRG_XSHN,Aspergillus xishaensis,Aspergillus,xishaensis,Fungi,Ascomycota,Eurotiomycetes,Aspergillus xishaensis
F_ASPRG_XRPH,Aspergillus xerophilus,Aspergillus,xerophilus,Fungi,Ascomycota,Eurotiomycetes,Aspergillus xerophilus
